Avg Gen Fitness, Highest Gen Fitness, Avg # of Correct Bits,
0.056391693789004, 0.727976156672129, 2.4
0.36144458486456, 0.727976156672129, 4.1
0.610494872596577, 0.727976156672129, 4.8
0.700084719038801, 0.727976156672129, 4.9
0.600319088515407, 0.727976156672129, 4.75
0.671251389097815, 0.727976156672129, 4.85
0.637092147626352, 0.727976156672129, 4.85
0.654171768362083, 0.727976156672129, 4.85
0.609436883110478, 0.727976156672129, 4.75
0.616104546647586, 0.727976156672129, 4.7


