Avg Gen Fitness, Highest Gen Fitness, Avg # of Correct Bits,
0.0238935750843583, 0.182868060334095, 2.5
0.0933641182545117, 0.182868060334095, 3.25
0.163546636346328, 0.182868060334095, 3.85
0.170851484550279, 0.182868060334095, 3.9
0.170851484550279, 0.182868060334095, 3.9
0.171122606734236, 0.182868060334095, 3.9
0.201500491290543, 0.727976156672129, 3.9
0.286141030361399, 0.727976156672129, 4.1
0.379658683473315, 0.727976156672129, 4.2
0.596330645571931, 0.727976156672129, 4.7


