Avg Gen Fitness, Highest Gen Fitness, Avg # of Correct Bits,
0.0946420251733127, 0.524460475048727, 2.85
0.283778933039223, 0.524460475048727, 3.5
0.386585924465544, 0.727976156672129, 3.75
0.500705347767413, 0.727976156672129, 4.0
0.56779952598359, 0.727976156672129, 4.25
0.558002228465954, 0.727976156672129, 4.3
0.449248955059151, 0.727976156672129, 4.2
0.614490999850688, 0.727976156672129, 4.55
0.608881148871804, 0.727976156672129, 4.55
0.61867844638944, 0.727976156672129, 4.5


