Avg Gen Fitness, Highest Gen Fitness, Avg # of Correct Bits,
0.160302456218744, 0.727976156672129, 2.9
0.424201742378046, 0.727976156672129, 3.85
0.449505938681857, 0.727976156672129, 3.85
0.475506495330874, 0.727976156672129, 4.1
0.496115959777944, 0.727976156672129, 4.25
0.531346587706439, 0.727976156672129, 4.3
0.556842567266666, 0.727976156672129, 4.45
0.594909788981163, 0.727976156672129, 4.6
0.628094428970294, 0.727976156672129, 4.75
0.647809964316209, 0.727976156672129, 4.8


