Avg Gen Fitness, Highest Gen Fitness, Avg # of Correct Bits,
0.100462698450332, 0.727976156672129, 2.6
0.363735538107209, 0.727976156672129, 3.7
0.38754742602768, 0.727976156672129, 3.65
0.395583731454207, 0.727976156672129, 3.75
0.555385450098695, 0.727976156672129, 4.2
0.515450857829781, 0.727976156672129, 4.1
0.504348729142429, 0.727976156672129, 4.2
0.4911172778376, 0.727976156672129, 4.15
0.518101491995311, 0.727976156672129, 4.25
0.518887289997015, 0.727976156672129, 4.25


