Avg Gen Fitness, Highest Gen Fitness, Avg # of Correct Bits,
0.126805558418065, 0.727976156672129, 2.8
0.529653504099386, 0.727976156672129, 4.45
0.632362351014673, 0.727976156672129, 4.65
0.541078482269924, 0.727976156672129, 4.45
0.591659214689993, 0.727976156672129, 4.45
0.576131263380779, 0.727976156672129, 4.4
0.540061036064608, 0.727976156672129, 4.4
0.594295129300176, 0.727976156672129, 4.5
0.517572753761084, 0.727976156672129, 4.25
0.502079860745678, 0.727976156672129, 4.3


