Avg Gen Fitness, Highest Gen Fitness, Avg # of Correct Bits,
0.0566781864117374, 0.373663085628984, 2.45
0.192614577234115, 0.373663085628984, 3.4
0.251735691783654, 0.373663085628984, 3.65
0.309471815681101, 0.727976156672129, 3.75
0.391150792647651, 0.727976156672129, 3.95
0.358387609143378, 0.727976156672129, 3.9
0.38195300823267, 0.727976156672129, 4.15
0.461749710346318, 0.727976156672129, 4.35
0.525646864666469, 0.727976156672129, 4.4
0.490032735192618, 0.727976156672129, 4.4


