Avg Gen Fitness, Highest Gen Fitness, Avg # of Correct Bits,
0.0536667945265414, 0.727976156672129, 2.45
0.285487689911096, 0.727976156672129, 3.5
0.604292471712591, 0.727976156672129, 4.7
0.663289562957155, 0.727976156672129, 4.85
0.567337912469056, 0.727976156672129, 4.7
0.654477627853317, 0.727976156672129, 4.75
0.580037206726846, 0.727976156672129, 4.55
0.591786632512471, 0.727976156672129, 4.5
0.61065426545267, 0.727976156672129, 4.55
0.559117949400752, 0.727976156672129, 4.5


