Avg Gen Fitness, Highest Gen Fitness, Avg # of Correct Bits,
0.0281823082587241, 0.182868060334095, 2.65
0.123661394738559, 0.182868060334095, 3.45
0.181288460127881, 0.727976156672129, 3.7
0.237102144671776, 0.727976156672129, 4.0
0.464961859767856, 0.727976156672129, 4.5
0.485311068332304, 0.727976156672129, 4.5
0.644937876588572, 0.727976156672129, 4.75
0.573320910287011, 0.727976156672129, 4.55
0.615044320268973, 0.727976156672129, 4.65
0.616818641149249, 0.727976156672129, 4.6


