Avg Gen Fitness, Highest Gen Fitness, Avg # of Correct Bits,
0.0794487086730556, 0.727976156672129, 2.45
0.304382927597729, 0.727976156672129, 3.8
0.354826064972036, 0.727976156672129, 4.15
0.547867086117674, 0.727976156672129, 4.55
0.655113660669742, 0.727976156672129, 4.8
0.650899820935475, 0.727976156672129, 4.75
0.545376169973354, 0.727976156672129, 4.5
0.649841831449376, 0.727976156672129, 4.7
0.578658357922484, 0.727976156672129, 4.55
0.534338332196881, 0.727976156672129, 4.55


