Avg Gen Fitness, Highest Gen Fitness, Avg # of Correct Bits,
0.10356214046986, 0.741562580288783, 19.7
0.441335162163399, 0.741567585974855, 20.15
0.605400820552473, 0.803470261374533, 20.45
0.578600791240659, 0.915097983741946, 21.05
0.522219916231985, 0.915097984816754, 20.9
0.60286779198991, 0.915097984212175, 20.85
0.655914332657315, 0.915097984212175, 20.9
0.675103958447719, 0.951810069347596, 21.3
0.735357027640809, 0.95184199721801, 21.7
0.737007116861226, 0.95184199721801, 21.5


