Avg Gen Fitness, Highest Gen Fitness, Avg # of Correct Bits,
0.0620498297008074, 0.475646088775648, 19.1
0.229440233693998, 0.480672860699629, 21.85
0.348569138789133, 0.813543144739618, 22.75
0.452965373746264, 0.915319033362341, 22.7
0.466531120590564, 0.91251302782082, 22.95
0.568947956630414, 0.987030960256914, 23.2
0.508975034106044, 0.91251304147303, 23.6
0.681556207251229, 0.953788971041975, 23.7
0.638296630419381, 0.953788971041975, 23.5
0.674838732718463, 0.958478592156246, 23.7


