Avg Gen Fitness, Highest Gen Fitness, Avg # of Correct Bits,
0.123039673256583, 0.826817965743704, 19.0
0.470626708114713, 0.948652997906295, 20.25
0.608200115162756, 0.980337422294776, 20.6
0.656487930793265, 0.974577564763453, 20.55
0.586002349930291, 0.948507492483827, 20.8
0.642577991522602, 0.950611110711711, 21.15
0.71189876190954, 0.950611110711711, 21.8
0.757392857353904, 0.98849024138096, 22.0
0.797458567160175, 0.998197575956422, 20.8
0.794888551532193, 0.995762807210385, 21.7


