Avg Gen Fitness, Highest Gen Fitness, Avg # of Correct Bits,
0.0866565866877648, 0.88196131919822, 20.0
0.396853989314505, 0.886332989540052, 21.6
0.559405726180638, 0.881961319190097, 24.6
0.621571141531118, 0.88192725036841, 24.4
0.751881238005301, 0.884110043842928, 24.3
0.685331354665617, 0.888473072861024, 24.1
0.740355424661545, 0.884092959962733, 23.6
0.779827986210867, 0.884133629327419, 23.95
0.71019077424136, 0.893010489303509, 23.05
0.686377281339744, 0.893013131562986, 22.65


