Avg Gen Fitness, Highest Gen Fitness, Avg # of Correct Bits,
0.0946473759492353, 0.494969089644143, 20.55
0.253232496744641, 0.495131171471038, 21.4
0.364181852507646, 0.960273963856591, 22.25
0.438732586403764, 0.960283940131822, 22.85
0.555918756503244, 0.9602556097725, 23.55
0.561648132321475, 0.9602556097725, 23.2
0.656694454952258, 0.979254542196251, 24.15
0.769705591928123, 0.991176368324493, 24.05
0.83297314888164, 0.991166907389327, 24.3
0.817930089277791, 0.991072384308712, 24.6


