Avg Gen Fitness, Highest Gen Fitness, Avg # of Correct Bits,
0.0658070341212334, 0.989422354140697, 19.75
0.550605364681728, 0.989433674736305, 23.4
0.759321586717427, 0.989573499030506, 25.7
0.758579431523931, 0.989436036239733, 25.3
0.766357990107313, 0.989436036239733, 25.3
0.769305297583103, 0.989580079143913, 24.45
0.807103499551935, 0.989422354005572, 24.45
0.829414820615924, 0.998841768524522, 24.85
0.891180294772893, 0.998822713922343, 24.5
0.829344868069255, 0.989346771039651, 24.3


