Avg Gen Fitness, Highest Gen Fitness, Avg # of Correct Bits,
0.10826901183007, 0.842240503362517, 19.5
0.542309201243135, 0.844395276112386, 21.8
0.737618221297652, 0.986113347674923, 23.2
0.818733633048961, 0.986113344854826, 23.1
0.747752213255296, 0.986188687204002, 23.2
0.697023303702869, 0.986191005063055, 22.85
0.764649609640832, 0.986188687204002, 22.9
0.760998434832093, 0.986186443162269, 23.4
0.797441577130945, 0.987140727077357, 24.4
0.795032852126815, 0.98648793497043, 24.55


