Avg Gen Fitness, Highest Gen Fitness, Avg # of Correct Bits,
0.0564523051475127, 0.424046228905959, 20.2
0.267326511626156, 0.437221454927637, 20.85
0.427120043715694, 0.819713693833578, 20.55
0.437021213850536, 0.818374740340712, 20.6
0.515505709021614, 0.85277081686482, 20.1
0.555169391759579, 0.958611517935349, 20.6
0.676060562915282, 0.958603345768257, 21.85
0.797194649371127, 0.961546651662028, 23.15
0.6687034864163, 0.953912601638772, 23.15
0.7973436716411, 0.953915746008331, 23.6


