Avg Gen Fitness, Highest Gen Fitness, Avg # of Correct Bits,
0.107214208068768, 0.751702409515904, 20.4
0.398001336604186, 0.753592890859656, 21.2
0.523015337384106, 0.753593338760365, 20.25
0.616705050183322, 0.806960893191997, 20.2
0.556831238426996, 0.782470673679366, 20.2
0.550756956339712, 0.782460660221035, 19.7
0.62151424517801, 0.751105578338295, 19.75
0.539609182624881, 0.75485046196376, 19.5
0.582242615263023, 0.865196927531025, 19.9
0.50111432708155, 0.865183691087883, 19.35


