Avg Gen Fitness, Highest Gen Fitness, Avg # of Correct Bits,
0.0364781212316, 0.281636350443349, 19.1
0.204180751119695, 0.307632192038839, 20.7
0.228870307594757, 0.3376081412567, 21.15
0.291739097261118, 0.95604764357743, 21.55
0.364712370669575, 0.960747238051515, 21.75
0.453374103828265, 0.960747238042742, 21.05
0.604564795407254, 0.960747238077834, 21.65
0.730011598615256, 0.960820685645103, 23.05
0.785430252410685, 0.994273409354354, 23.4
0.754557388532931, 0.960893069110943, 24.15


