Avg Gen Fitness, Highest Gen Fitness, Avg # of Correct Bits
0.0908551117793147, 0.81372769772654, 10.26
0.483799023801582, 0.903596213453101, 12.08
0.565578136423978, 0.953198678294367, 12.78
0.677518539078075, 0.953198678294367, 13.02
0.668159958390777, 0.953244349717352, 13.16
0.631591134958463, 0.953381375803338, 13.08
0.644941725756339, 0.957592126410649, 12.82
0.712920010692077, 0.998608507579712, 13.4
0.750004212312869, 0.998608507579712, 13.2
0.822907426392699, 0.998570409037583, 13.1


