Avg Gen Fitness, Highest Gen Fitness, Avg # of Correct Bits
0.0893455155635673, 0.883585086935126, 10.12
0.479691343036941, 0.919158488545053, 11.96
0.599186290404726, 0.919070092536917, 11.9
0.596806166722434, 0.97692581203588, 12.02
0.713317902762151, 0.97692581203588, 12.34
0.687781930820965, 0.99299360909283, 12.06
0.739495933585736, 0.996505522568941, 12.34
0.70104471183207, 0.990494625028037, 12.3
0.75668997839632, 0.990494625028037, 12.88
0.727511956591961, 0.995346306999926, 12.86




