Avg Gen Fitness, Highest Gen Fitness, Avg # of Correct Bits
0.0689407399159004, 0.563270366071292, 10.48
0.358410468464192, 0.88637028746568, 11.98
0.459871476212695, 0.961552596952209, 13.06
0.48021749052183, 0.957729714846686, 13.22
0.511615275806062, 0.999933244803252, 13.26
0.542852878832576, 0.999933244803252, 13.52
0.608592522711539, 0.999933244803252, 13.82
0.67664395672077, 0.999933244803252, 14.1
0.678414738884445, 0.999780676556482, 13.88
0.677943491650121, 0.999780676556482, 14.12


