Avg Gen Fitness, Highest Gen Fitness, Avg # of Correct Bits
0.107061692119112, 0.982365040349305, 9.94
0.555468322638474, 0.983642180458953, 11.36
0.677303742344057, 0.989190591825325, 11.8
0.679631332709253, 0.986775606861397, 12.08
0.702520494299158, 0.98991801387885, 12.08
0.769068057147967, 0.98991801387885, 12.64
0.768065002772215, 0.994643767715196, 12.54
0.807792459013202, 0.990220460733354, 12.88
0.869649229018979, 0.999332628486401, 12.56
0.76723485262233, 0.991024239079228, 12.6




