Avg Gen Fitness, Highest Gen Fitness, Avg # of Correct Bits
0.0834428248702739, 0.775429502507902, 10.34
0.399393850770294, 0.89944375639853, 11.16
0.568499749298809, 0.959823250791429, 11.4
0.662047253035368, 0.959823250791429, 11.64
0.557336697602581, 0.90906046014407, 11.32
0.66448958125229, 0.993022039216234, 11.78
0.650174353366036, 0.993022039216234, 11.78
0.667084807739824, 0.993022039216234, 11.76
0.756777744249558, 0.993022039216234, 12.24
0.750689714903032, 0.993031516086829, 12.08


