Avg Gen Fitness, Highest Gen Fitness, Avg # of Correct Bits
0.0527905763961783, 0.703028788002833, 9.54
0.274146920335195, 0.890554313000477, 10.22
0.495692249035083, 0.966785227184758, 10.66
0.600023801778795, 0.986313969143073, 10.78
0.609575175853384, 0.893617798264119, 10.7
0.625980829085316, 0.976421652025305, 10.62
0.639678000558645, 0.977019200706725, 10.94
0.701949297510361, 0.980189833554291, 11.02
0.750945661587794, 0.98272173799543, 11.66
0.742721202943092, 0.98272173799543, 11.46


