Avg Gen Fitness, Highest Gen Fitness, Avg # of Correct Bits
0.117266740582153, 0.827842660965869, 9.98
0.53728424759937, 0.960659978067319, 12.02
0.531693396719702, 0.961009574925864, 12.4
0.59883869330901, 0.95391137681345, 12.68
0.654859245811102, 0.996705182204455, 12.76
0.662554928846298, 0.976655030320511, 13.04
0.718543804529355, 0.976692375506183, 12.88
0.668729072233223, 0.961258042269831, 13.24
0.733158203908196, 0.961258042269831, 12.96
0.697092272103842, 0.961258042269831, 12.68




