Avg Gen Fitness, Highest Gen Fitness, Avg # of Correct Bits
0.0520403322918464, 0.767553980960993, 9.92
0.32072273193769, 0.899981388479473, 10.78
0.478199666665884, 0.788013905564431, 10.36
0.557032872643953, 0.836841017309808, 10.3
0.596229510363673, 0.85116749382245, 10.06
0.607920765043164, 0.901370162647449, 10.18
0.68323015116398, 0.999494667561488, 10.88
0.73195975020357, 0.999494667561488, 11.62
0.667480856767014, 0.999494667561488, 11.54
0.631294876026868, 0.999475602913628, 11.26


