Avg Gen Fitness, Highest Gen Fitness, Avg # of Correct Bits,
0.100137498333016, 0.88880309581693, 4.8
0.412267649710986, 0.906525413452785, 6.15
0.742355611553252, 0.980639520356033, 6.65
0.754439911622396, 0.980639520356033, 6.7
0.839809961421532, 0.961617041616426, 6.7
0.81174659757599, 0.961617041616426, 6.9
0.783430760286089, 0.961617041616426, 6.95
0.766215274393039, 0.971086361029252, 6.95
0.802324780455565, 0.980639520356033, 7.05
0.736989500167447, 0.971086361029252, 7.05


