Avg Gen Fitness, Highest Gen Fitness, Avg # of Correct Bits,
0.0326065710318552, 0.535489739788097, 5.05
0.254251746414652, 0.713431662357103, 5.25
0.396092188680022, 0.742786971457818, 5.3
0.505829799260504, 0.742786971457818, 6.2
0.593677689725839, 0.742786971457818, 6.6
0.645903432504777, 0.980639520356033, 7.0
0.712300535988007, 0.9902771787763, 7.5
0.618360894437444, 0.980639520356033, 7.1
0.609585374629786, 0.9902771787763, 7.15
0.736007196159674, 0.9902771787763, 7.65


