Avg Gen Fitness, Highest Gen Fitness, Avg # of Correct Bits,
0.143223234693131, 0.812848790420541, 5.1
0.59649480615101, 0.94292730830756, 7.05
0.640626934001228, 0.812848790420541, 7.35
0.630039328425752, 0.89762489142684, 7.15
0.700345064855644, 0.89762489142684, 7.35
0.809042471444017, 0.89762489142684, 7.7
0.800604812029337, 0.89762489142684, 7.6
0.815530441435131, 0.961617041616426, 7.6
0.753217299820865, 0.89762489142684, 7.55
0.675446427265598, 0.961617041616426, 7.3


