Avg Gen Fitness, Highest Gen Fitness, Avg # of Correct Bits,
0.150814022655249, 0.862803892969884, 5.25
0.490997207112018, 0.862803892969884, 6.35
0.585297605351821, 0.924565136596599, 6.3
0.689658226346722, 0.924565136596599, 6.25
0.621866105671151, 0.924565136596599, 6.45
0.663720765476602, 0.924565136596599, 6.3
0.727368545057002, 0.924565136596599, 6.65
0.761117290338943, 0.933705598466415, 6.6
0.694174799562039, 0.933705598466415, 6.5
0.756244341954118, 0.933705598466415, 6.6


