Avg Gen Fitness, Highest Gen Fitness, Avg # of Correct Bits,
0.0856104062351964, 0.788860905221012, 5.1
0.587972947144857, 0.829203356075832, 6.5
0.662249386579478, 0.829203356075832, 6.6
0.752718368935425, 0.829203356075832, 7.05
0.800428502753162, 0.971086361029252, 6.95
0.678274472286655, 0.829203356075832, 6.8
0.708772418556099, 0.829203356075832, 6.7
0.612895447551655, 0.971086361029252, 6.7
0.655118128830795, 0.971086361029252, 6.85
0.63719406247623, 0.971086361029252, 6.55


