Avg Gen Fitness, Highest Gen Fitness, Avg # of Correct Bits,
0.0291593917648475, 0.170558478081106, 4.8
0.10405322417038, 0.207530037154137, 5.2
0.157274718592211, 0.587750128412032, 5.95
0.252183927243737, 0.612416087458694, 6.4
0.336160746284006, 0.612416087458694, 6.5
0.378296915393318, 0.742786971457818, 6.6
0.43219084775822, 0.742786971457818, 6.55
0.43843091347956, 0.952230907441915, 6.7
0.593007372341364, 0.952230907441915, 6.7
0.636517188722311, 0.971086361029252, 7.15


