Avg Gen Fitness, Highest Gen Fitness, Avg # of Correct Bits,
0.067270308027409, 0.845853477509592, 4.95
0.397424450782172, 0.845853477509592, 6.8
0.67732004655783, 0.9902771787763, 8.0
0.738480792037872, 0.9902771787763, 8.4
0.797834169672792, 0.9902771787763, 8.65
0.638060231459269, 0.91550528577528, 8.3
0.757147673934662, 0.952230907441915, 8.45
0.793068836930426, 0.9902771787763, 8.45
0.726834811132113, 0.9902771787763, 7.95
0.749161017501767, 0.9902771787763, 8.2


