Avg Gen Fitness, Highest Gen Fitness, Avg # of Correct Bits,
0.10465500390003, 0.933705598466415, 5.35
0.385242403481483, 0.971086361029252, 6.2
0.643935351351694, 0.971086361029252, 6.85
0.65231714637168, 0.971086361029252, 7.1
0.686965778850563, 0.971086361029252, 7.05
0.737028105612153, 0.971086361029252, 7.55
0.735869380862683, 0.971086361029252, 7.65
0.722169635541489, 0.971086361029252, 7.6
0.768850592581971, 0.9902771787763, 7.85
0.71715509015551, 0.961617041616426, 7.55


