Avg Gen Fitness, Highest Gen Fitness, Avg # of Correct Bits
0.0131137938642504, 0.0786467582393012, 9.2
0.0912119274021291, 0.492991939631016, 8.3
0.291510578251159, 0.943587834740115, 8.7
0.563300320000111, 0.943587834740115, 10.2
0.696895227924824, 0.954066772181057, 10.5
0.684034060676586, 0.981248767191894, 10.7
0.671810247476928, 0.981323774956724, 11.1
0.844725773278061, 0.983294575336943, 11.0
0.708821089114851, 0.983144293852048, 11.2
0.768149949118168, 0.943605937214076, 11.6




