Avg Gen Fitness, Highest Gen Fitness, Avg # of Correct Bits
0.0869836036003198, 0.363004680800104, 10.1
0.19133814317214, 0.363004680800104, 9.5
0.277335025291664, 0.363004680800104, 10.0
0.372597364973386, 0.671946972538575, 11.0
0.400558159898452, 0.671946972538575, 10.4
0.477259290726112, 0.699778338406774, 10.6
0.512742077497585, 0.67880640701325, 10.3
0.54447322639236, 0.67880640701325, 10.6
0.495516533485718, 0.679021776117927, 10.4
0.602199690531249, 0.706823028173665, 10.8


