Avg Gen Fitness, Highest Gen Fitness, Avg # of Correct Bits
0.12784082548192, 0.502663873571614, 10.3
0.341654705632301, 0.502766585271994, 12.1
0.427214899612894, 0.502766585271994, 12.7
0.413271930207497, 0.524097801982524, 12.0
0.405674322030954, 0.610872080221242, 11.7
0.471272464135767, 0.610872080221242, 11.1
0.485954289018122, 0.611778452982502, 11.4
0.47291394149871, 0.611778452982502, 11.3
0.507693612947394, 0.997865821928127, 12.1
0.538297986352025, 0.997561274213531, 11.9


