Avg Gen Fitness, Highest Gen Fitness, Avg # of Correct Bits
0.0404336295790541, 0.346517898735716, 9.4
0.146547207781314, 0.34683400263705, 8.5
0.403465466336202, 0.675536336955684, 9.6
0.43959559184154, 0.702889899189199, 10.0
0.496655623011233, 0.859486084204553, 9.9
0.418760202393534, 0.859352945367696, 9.7
0.448588328863953, 0.859352945367696, 9.9
0.582083018668716, 0.876131438500835, 9.8
0.631854666904544, 0.966794478403757, 10.4
0.645225811234831, 0.967395978564705, 10.4




