Avg Gen Fitness, Highest Gen Fitness, Avg # of Correct Bits
0.122234298217341, 0.584560003373676, 10.7
0.344632519693921, 0.587578726941102, 12.9
0.422377275645175, 0.587626005611653, 12.9
0.484251649232678, 0.587626005611653, 12.5
0.485900820942743, 0.71514361601308, 12.0
0.355146867349971, 0.607642281337992, 11.5
0.331161475146771, 0.587602365848421, 11.7
0.426492838118566, 0.62496386699067, 12.1
0.562144122079943, 0.62496386699067, 12.2
0.535596712820046, 0.690155792505016, 11.9




