Avg Gen Fitness, Highest Gen Fitness, Avg # of Correct Bits
0.102975993707643, 0.977271390252657, 8.6
0.319789210939557, 0.977280731731214, 10.5
0.569246991477368, 0.977271390252657, 12.4
0.919760776497356, 0.984610420493974, 14.1
0.650434831439426, 0.980630149987503, 14.3
0.691594714116118, 0.996676657195271, 13.8
0.64987720955088, 0.979955695188848, 13.7
0.780283984633877, 0.996610101697769, 13.8
0.939557588587141, 0.996610101697769, 13.8
0.762772070846016, 0.996610101697769, 14.0




