Avg Gen Fitness, Highest Gen Fitness, Avg # of Correct Bits
0.118394615752178, 0.825063126077728, 9.9
0.3780330686896, 0.825063126077728, 11.6
0.718766549824841, 0.828220877262565, 12.8
0.721340823760694, 0.827424390028541, 12.6
0.788791018602736, 0.965213677490851, 11.9
0.837143485444479, 0.992046357395532, 11.6
0.700809920045742, 0.992046357395532, 11.5
0.849230148103298, 0.992046357395532, 12.2
0.703949174697035, 0.974714850689003, 11.5
0.718963377451798, 0.991677149721659, 11.6




