Avg Gen Fitness, Highest Gen Fitness, Avg # of Correct Bits
0.029252050719193, 0.0893990663782112, 7.7
0.126732443382218, 0.741139368789639, 8.3
0.26586512210712, 0.764732568978715, 9.9
0.484210732781443, 0.764732568978715, 11.3
0.694152526095918, 0.772000083968645, 11.9
0.557858215485293, 0.869423661785841, 11.2
0.717403948713998, 0.869423661785841, 11.6
0.64663469161614, 0.867273532578754, 11.5
0.562863376577597, 0.867273532578754, 11.1
0.613312139796111, 0.882468100914449, 12.0




