Avg Gen Fitness, Highest Gen Fitness, Avg # of Correct Bits
0.0621271776230614, 0.418674414780605, 9.5
0.298444133329657, 0.46749691831976, 10.7
0.311488965735173, 0.46749691831976, 11.0
0.364764233753812, 0.46749691831976, 11.3
0.415970679193592, 0.457888746403315, 11.9
0.416459191069256, 0.487739075793625, 11.5
0.454321025372704, 0.809735959671497, 12.0
0.373140021939888, 0.585425275503208, 11.9
0.467624786996621, 0.885429613885129, 11.9
0.490770717950606, 0.958004945096165, 11.7


