Avg Gen Fitness, Highest Gen Fitness, Avg # of Correct Bits
0.071408183461843, 0.654946671330064, 10.1
0.333945572581966, 0.654972736058282, 10.8
0.331453170481304, 0.655155215297093, 11.3
0.519090662725973, 0.655285585622913, 11.7
0.609522934730769, 0.903126244530246, 11.4
0.398213830530568, 0.710383272958796, 10.9
0.41433444514194, 0.710383272958796, 11.7
0.374867212033856, 0.710467402385698, 11.0
0.306804316807514, 0.710467402385698, 11.6
0.514058368659162, 0.710453380191872, 11.7




