Avg Gen Fitness, Highest Gen Fitness, Avg # of Correct Bits,
0.118877199062191, 0.910112773037417, 15.15
0.402101894283443, 0.91044057508753, 16.65
0.595544563943473, 0.910393184627483, 17.0
0.722012674298538, 0.912393506178897, 17.4
0.704619075715071, 0.919137062169461, 17.9
0.628449615742792, 0.919619886206155, 17.8
0.735012676980766, 0.919402290541641, 17.95
0.619464089436596, 0.919411106768754, 17.85
0.725540335473858, 0.983511329310058, 18.3
0.708973222803292, 0.983511329310058, 18.25


