Avg Gen Fitness, Highest Gen Fitness, Avg # of Correct Bits,
0.108234256943826, 0.541922620145468, 15.45
0.312161679054703, 0.544112569010329, 16.3
0.406994871448323, 0.54411851454918, 16.55
0.482358672176574, 0.607122742208639, 16.5
0.448588098512079, 0.71453148115949, 17.25
0.432186826390063, 0.693132140069601, 17.5
0.473877138068505, 0.991763948997755, 17.6
0.450550938625045, 0.991763948997755, 17.5
0.410361806775054, 0.991764124636875, 17.25
0.616180220585284, 0.992370116789035, 17.35


