Avg Gen Fitness, Highest Gen Fitness, Avg # of Correct Bits,
0.119929348363888, 0.825248501562515, 15.65
0.397915423733223, 0.827304720434194, 16.85
0.492301048550167, 0.827272573517382, 17.85
0.593871432680639, 0.91176079073862, 17.25
0.64082764026034, 0.986258476408664, 17.45
0.580496138800697, 0.967510469816152, 17.25
0.74696378648866, 0.969856311038394, 17.2
0.759153029904215, 0.979323709030371, 17.5
0.722570605819717, 0.986637728170773, 18.05
0.821963896975847, 0.997544240674848, 19.45


