Avg Gen Fitness, Highest Gen Fitness, Avg # of Correct Bits,
0.133252174269252, 0.958157490217293, 14.45
0.603135665160418, 0.993505463411822, 16.6
0.735497531776365, 0.996473428487214, 18.1
0.87514077363446, 0.996777677290295, 19.15
0.746471379945226, 0.996777677290295, 20.1
0.871677301539785, 0.99890976093655, 20.95
0.865334827788913, 0.99890976093655, 20.75
0.924973359126049, 0.998909742328376, 20.85
0.886363726123272, 0.996972036190828, 19.35
0.841180666526393, 0.98717686402148, 18.95


