Avg Gen Fitness, Highest Gen Fitness, Avg # of Correct Bits,
0.164459678676722, 0.961993825789598, 14.8
0.430721936980056, 0.961993834783646, 14.8
0.584478992820341, 0.962286559161283, 15.55
0.786775596719984, 0.985677521359778, 16.2
0.667385716454015, 0.981320945590695, 16.75
0.65285966101479, 0.981320945590695, 17.25
0.696230838913931, 0.981621009159148, 17.7
0.660440603800884, 0.983781123155387, 18.0
0.630352384122594, 0.983782297833751, 18.1
0.591390903532038, 0.983782297833751, 18.05


