Avg Gen Fitness, Highest Gen Fitness, Avg # of Correct Bits,
0.0989651458279507, 0.947363114222236, 14.35
0.481763697005588, 0.954947746573871, 16.0
0.612244057415371, 0.950354826878584, 16.2
0.789088197479975, 0.98624638115001, 16.65
0.76321762856959, 0.986246362754281, 16.65
0.812207619414938, 0.995069525025315, 18.25
0.748466633470909, 0.995069478665872, 17.7
0.700498440184306, 0.995066799093375, 17.05
0.756913384740761, 0.993852184771121, 17.6
0.805573096920095, 0.993854703950813, 17.6


