Avg Gen Fitness, Highest Gen Fitness, Avg # of Correct Bits,
0.0693263079406253, 0.669841462743857, 14.15
0.33587265368836, 0.669842293904875, 15.9
0.527794699527708, 0.922498900317799, 17.45
0.634794956130484, 0.922499177470707, 18.25
0.590059268437843, 0.922543635499367, 18.0
0.685315958995037, 0.920839934122515, 18.3
0.542075397275325, 0.912096516919152, 18.2
0.647673533739116, 0.99784540026441, 18.95
0.732463554947812, 0.922552366232971, 19.25
0.739263438137008, 0.923622279041473, 19.05


