Avg Gen Fitness, Highest Gen Fitness, Avg # of Correct Bits,
0.0904057417041248, 0.747811902888691, 15.5
0.407113803425836, 0.89735140962914, 17.75
0.478874573540108, 0.915226905849085, 17.9
0.534321015083947, 0.915297631057293, 17.4
0.670631810147693, 0.915297631057293, 17.0
0.717083628371342, 0.985150148889659, 17.0
0.65999882412184, 0.985150148889659, 16.5
0.804815886196763, 0.998936017380542, 16.2
0.827207803770367, 0.923298659607043, 16.95
0.790781376491629, 0.923298659607043, 17.6


