Avg Gen Fitness, Highest Gen Fitness, Avg # of Correct Bits
0.0763670067195661, 0.460316672463486, 10.0
0.268198837041327, 0.460316672463486, 11.4
0.314681512397843, 0.460316672463486, 11.4
0.363335130520978, 0.460316672463486, 12.1
0.392826466003677, 0.460316672463486, 11.9
0.419224458297697, 0.460316672463486, 12.1
0.423790259871673, 0.460316672463486, 12.2
0.423790259871673, 0.460316672463486, 12.2
0.446619267741556, 0.460316672463486, 12.7
0.451185069315533, 0.460316672463486, 12.8




