Avg Gen Fitness, Highest Gen Fitness, Avg # of Correct Bits
0.0849873086232324, 0.802227549608517, 9.9
0.440228105378684, 0.83467439360429, 11.3
0.591547932611825, 0.834739237729728, 11.8333333333333
0.673764098191828, 0.834739237729728, 11.7666666666667
0.758944858028799, 0.967275651595072, 12.2666666666667
0.804835250233477, 0.967942247217522, 12.6333333333333
0.797482879464824, 0.967942247217522, 12.3333333333333
0.783524748921799, 0.967942247217522, 12.2666666666667
0.788823220269204, 0.967942247217522, 12.4666666666667
0.764333899117351, 0.834714920651398, 12.0333333333333




