Avg Gen Fitness, Highest Gen Fitness, Avg # of Correct Bits,
0.0205841014052849, 0.173524400946722, 9.55
0.113056835166484, 0.665579588180653, 11.35
0.337150008489138, 0.916862677397992, 11.85
0.550935655540122, 0.992074763109357, 12.5
0.708945132265007, 0.992074763109357, 12.75
0.67148132051912, 0.919388353977392, 13.0
0.685461410719062, 0.919388353977392, 12.7
0.781950572281923, 0.991733942851736, 12.95
0.64161181202126, 0.991733942851736, 12.8
0.885945483805229, 0.992036888986924, 13.15


