Avg Gen Fitness, Highest Gen Fitness, Avg # of Correct Bits,
0.178129136578682, 0.975059724942602, 9.55
0.527001662175791, 0.991894872617382, 9.7
0.666941166806452, 0.991942209374043, 11.0
0.762279354093472, 0.992538826734925, 12.85
0.798207395584362, 0.992538826734925, 12.5
0.671568634324058, 0.992519881538767, 12.8
0.59560619407725, 0.971225693216244, 11.55
0.68276921824368, 0.990418986675667, 11.2
0.743149870549761, 0.990418986675667, 11.3
0.746649129712071, 0.990466260036679, 11.65


