Avg Gen Fitness, Highest Gen Fitness, Avg # of Correct Bits,
0.0866047254380494, 0.436143618590806, 10.05
0.311556354272108, 0.586238620613879, 10.7
0.403830717645668, 0.690353902597557, 11.65
0.404783579328695, 0.796349908297435, 11.6
0.431034936149902, 0.877512483695895, 11.4
0.450524121350672, 0.887226225658481, 10.65
0.474513797790885, 0.887226225658481, 11.0
0.49809610779685, 0.887226225658481, 10.5
0.57878045129786, 0.887226225658481, 10.7
0.593896431258396, 0.887226225658481, 10.05


