Avg Gen Fitness, Highest Gen Fitness, Avg # of Correct Bits,
0.133657415314715, 0.995640746705105, 9.85
0.359222248873855, 0.998084767281382, 11.35
0.532218487679504, 0.998084767281382, 13.15
0.529962892814438, 0.998084767281382, 12.8
0.63223820947705, 0.998084767281382, 13.5
0.603999174471841, 0.998084767281382, 14.1
0.742124876345134, 0.998694234082722, 14.9
0.827259209945746, 0.998694234082722, 15.15
0.768462899544175, 0.999304035809915, 14.8
0.787816142335933, 0.998084767281382, 15.0


