Avg Gen Fitness, Highest Gen Fitness, Avg # of Correct Bits,
0.0554978478143358, 0.304944400786465, 10.15
0.224694050907935, 0.744196603758478, 10.5
0.328973597801228, 0.866267307899553, 9.8
0.472495265479729, 0.866267307899553, 9.7
0.5477174006798, 0.863940256112603, 9.65
0.516557882958231, 0.873307675886028, 10.25
0.544745663706137, 0.873012247270454, 10.6
0.593808154457022, 0.873012247270454, 11.05
0.621270770992174, 0.917577356788666, 11.45
0.607492071915358, 0.917559704348761, 11.45


