Avg Gen Fitness, Highest Gen Fitness, Avg # of Correct Bits,
0.209833443834678, 0.876080639830625, 10.0
0.439157578005534, 0.878802094572765, 11.5
0.486947143351423, 0.876631099976781, 12.25
0.505966136604501, 0.887543111281445, 12.55
0.685982327160997, 0.950270691366235, 12.9
0.617920813911237, 0.949724302876546, 12.1
0.588101155593379, 0.884498378237534, 11.35
0.537926701852254, 0.885045051906542, 11.4
0.537698339948307, 0.885173222527041, 11.2
0.556674031543899, 0.885215949779346, 11.1


