Avg Gen Fitness, Highest Gen Fitness, Avg # of Correct Bits,
0.183224044768527, 0.914888887693122, 10.0
0.579832603073254, 0.989615650166644, 11.35
0.77660755879302, 0.98962509777435, 12.95
0.758540980465521, 0.98962509777435, 13.25
0.694000275491656, 0.98962509777435, 13.75
0.720085310601853, 0.98965344108452, 13.65
0.861635456086775, 0.98965344108452, 14.95
0.873870962866106, 0.994510905091422, 14.9
0.85237204575119, 0.999332628486401, 15.6
0.72021749180654, 0.995070934353307, 15.55


