Avg Gen Fitness, Highest Gen Fitness, Avg # of Correct Bits,
0.129227073751667, 0.871351083471183, 10.6
0.416916629559446, 0.871351083471183, 12.95
0.621101536312469, 0.934593592484968, 13.25
0.692515360806242, 0.943895619309048, 13.4
0.735182999416755, 0.934593592484968, 13.2
0.70829721944132, 0.935742832587569, 13.1
0.686223503025082, 0.934817953567162, 13.4
0.698662458259749, 0.961423719284639, 13.85
0.653829223900738, 0.88862299952093, 13.85
0.768290736320075, 0.942728327167368, 14.55


