Avg Gen Fitness, Highest Gen Fitness, Avg # of Correct Bits,
0.0861582056276835, 0.731265069187538, 10.15
0.40588622364622, 0.896656184274754, 9.35
0.653901526667089, 0.896673474362775, 10.3
0.621040147284753, 0.896673474362775, 10.2
0.653986586673227, 0.896673474362775, 10.75
0.655439778242669, 0.931663408818528, 11.1
0.638977863240044, 0.950152283191287, 10.7
0.603577834738344, 0.950170498969243, 10.35
0.603994567604845, 0.985033707159747, 10.3
0.603785207633692, 0.985043115389968, 10.95


