Avg Gen Fitness, Highest Gen Fitness, Avg # of Correct Bits,
0.0985324634814913, 0.876190706966586, 9.6
0.354988138671351, 0.90290004166745, 10.6
0.451255553488635, 0.90290004166745, 10.25
0.430119925072703, 0.976748395694442, 10.35
0.566666954168141, 0.976748395694442, 10.45
0.59526958677832, 0.976767069733149, 10.5
0.626163367596463, 0.976767069733149, 10.7
0.656133391726782, 0.903074039343158, 10.15
0.619309832389491, 0.902795657545227, 9.65
0.690016817137247, 0.902239125635347, 9.75


